Driver,Mode,Mean,Median,P_Win,P_Top3,P_Top5,P_Top10,Q25,Q75,Entropy,ActualRank,RaceName,Date
A ALBON,13,12.379881999999998,13,0.027968,0.087722,0.09880599999999999,0.310656,8,15,1.939264077127986,5.0,2025-03-16_Australian_Grand_Prix,2025-03-16
A ANTONELLI,13,11.663380000000002,13,0.044464,0.13742,0.158988,0.36056799999999994,8,15,2.210010790081059,4.0,2025-03-16_Australian_Grand_Prix,2025-03-16
C LECLERC,18,10.996788,13,0.059274,0.18186,0.214552,0.40618200000000004,8,15,2.4293052008580664,8.0,2025-03-16_Australian_Grand_Prix,2025-03-16
C SAINZ,15,10.371989999999998,11,0.07262,0.220796,0.26630000000000004,0.4534179999999999,4,15,2.602220053032733,18.0,2025-03-16_Australian_Grand_Prix,2025-03-16
E OCON,3,9.927668,11,0.082164,0.246452,0.30319,0.4889,4,15,2.727688800930878,13.0,2025-03-16_Australian_Grand_Prix,2025-03-16
F ALONSO,3,9.660684,10,0.085692,0.255456,0.32382000000000005,0.516908,3,15,2.80939404024563,17.0,2025-03-16_Australian_Grand_Prix,2025-03-16
G BORTOLETO,11,9.557482,9,0.085964,0.25305999999999995,0.33006199999999997,0.535176,3,15,2.856723116780592,16.0,2025-03-16_Australian_Grand_Prix,2025-03-16
G RUSSELL,1,9.56859,9,0.082592,0.24256,0.325862,0.545908,4,15,2.8834465427097853,3.0,2025-03-16_Australian_Grand_Prix,2025-03-16
I HADJAR,2,9.671624000000001,9,0.07618,0.22550599999999998,0.31348600000000004,0.550282,4,15,2.8945301033091337,20.0,2025-03-16_Australian_Grand_Prix,2025-03-16
J DOOHAN,4,9.812204000000001,10,0.069578,0.20483600000000002,0.296908,0.550868,4,15,2.893258003603314,19.0,2025-03-16_Australian_Grand_Prix,2025-03-16
L HAMILTON,6,9.990972,10,0.061514,0.18289,0.27761600000000003,0.548358,4,15,2.8842357480714913,10.0,2025-03-16_Australian_Grand_Prix,2025-03-16
L LAWSON,19,10.193276,10,0.053912,0.161156,0.25779,0.54234,5,15,2.866469589346172,15.0,2025-03-16_Australian_Grand_Prix,2025-03-16
L NORRIS,9,10.371426000000001,10,0.047204,0.14006000000000002,0.23997400000000002,0.537442,6,16,2.840614517373752,1.0,2025-03-16_Australian_Grand_Prix,2025-03-16
L STROLL,10,10.530104,10,0.040036,0.120332,0.225414,0.532798,6,16,2.8078222034851077,6.0,2025-03-16_Australian_Grand_Prix,2025-03-16
M VERSTAPPEN,14,10.720978,10,0.033168,0.10032,0.20993,0.52464,6,16,2.7679774408194118,2.0,2025-03-16_Australian_Grand_Prix,2025-03-16
N HULKENBERG,16,10.872954000000002,10,0.026572,0.081534,0.201298,0.5178260000000001,6,16,2.7181767313408347,7.0,2025-03-16_Australian_Grand_Prix,2025-03-16
O BEARMAN,16,11.002088,10,0.02075,0.06338400000000001,0.196758,0.5120560000000001,7,16,2.6547264687596357,14.0,2025-03-16_Australian_Grand_Prix,2025-03-16
O PIASTRI,5,11.06498,10,0.015192,0.046995999999999996,0.20549,0.509474,7,16,2.5709462131164793,9.0,2025-03-16_Australian_Grand_Prix,2025-03-16
P GASLY,5,11.042848000000001,10,0.00999,0.031424,0.232604,0.5117839999999999,6,16,2.4450335004527513,11.0,2025-03-16_Australian_Grand_Prix,2025-03-16
Y TSUNODA,5,10.600081999999999,10,0.005166,0.016236,0.321152,0.544416,5,16,2.193835926662778,12.0,2025-03-16_Australian_Grand_Prix,2025-03-16
A ALBON,7,11.903108000000001,13,0.015472,0.06759599999999999,0.07170599999999999,0.377286,7,15,1.9355665754806848,7.0,2025-03-23_Chinese_Grand_Prix,2025-03-23
C LECLERC,7,11.505298,13,0.02825,0.10535,0.11559599999999999,0.386908,7,15,2.1831878571657377,18.0,2025-03-23_Chinese_Grand_Prix,2025-03-23
C SAINZ,18,11.087160000000003,11,0.041824,0.13980199999999998,0.15867799999999999,0.408084,7,15,2.3841978471565914,10.0,2025-03-23_Chinese_Grand_Prix,2025-03-23
E OCON,15,10.678776000000003,11,0.05499,0.16884,0.19984999999999997,0.43845799999999996,7,15,2.55477209552752,5.0,2025-03-23_Chinese_Grand_Prix,2025-03-23
F ALONSO,11,10.33752,11,0.066738,0.19319399999999998,0.23806599999999997,0.46892199999999995,7,15,2.693644953467628,17.0,2025-03-23_Chinese_Grand_Prix,2025-03-23
G BORTOLETO,11,10.09411,11,0.07747,0.20829399999999998,0.270038,0.4940859999999999,5,15,2.7987354578696486,14.0,2025-03-23_Chinese_Grand_Prix,2025-03-23
G RUSSELL,2,9.948706,10,0.083772,0.217048,0.296748,0.513636,4,15,2.869699282628355,3.0,2025-03-23_Chinese_Grand_Prix,2025-03-23
I HADJAR,1,9.949666,10,0.08483,0.213806,0.310532,0.5216959999999999,4,15,2.908723044269297,11.0,2025-03-23_Chinese_Grand_Prix,2025-03-23
J DOOHAN,1,9.99971,10,0.08182,0.206122,0.318762,0.526054,4,15,2.9191207842592775,13.0,2025-03-23_Chinese_Grand_Prix,2025-03-23
K ANTONELLI,1,10.063842,10,0.07679,0.19700800000000002,0.323344,0.527504,4,16,2.9101239525565763,6.0,2025-03-23_Chinese_Grand_Prix,2025-03-23
L HAMILTON,8,10.168588,10,0.069874,0.18390600000000001,0.320338,0.525056,5,16,2.8894315863682247,19.0,2025-03-23_Chinese_Grand_Prix,2025-03-23
L LAWSON,16,10.257677999999999,10,0.062762,0.17220200000000002,0.31687600000000005,0.5241480000000001,5,16,2.8578928525175655,12.0,2025-03-23_Chinese_Grand_Prix,2025-03-23
L NORRIS,5,10.357472,10,0.055922,0.160254,0.30981400000000003,0.5212439999999999,5,16,2.823896555855401,2.0,2025-03-23_Chinese_Grand_Prix,2025-03-23
L STROLL,14,10.456499999999998,10,0.048056,0.14757399999999998,0.299386,0.518182,5,16,2.7867437127844887,9.0,2025-03-23_Chinese_Grand_Prix,2025-03-23
M VERSTAPPEN,19,10.513668,10,0.041202,0.13562000000000002,0.28900000000000003,0.518754,5,16,2.7429976971622994,4.0,2025-03-23_Chinese_Grand_Prix,2025-03-23
N HULKENBERG,17,10.55715,9,0.035074,0.124392,0.27656600000000003,0.521456,5,16,2.698819517062058,15.0,2025-03-23_Chinese_Grand_Prix,2025-03-23
O BEARMAN,9,10.605459999999999,9,0.028598,0.111736,0.259656,0.5251,5,16,2.6478011977874756,8.0,2025-03-23_Chinese_Grand_Prix,2025-03-23
O PIASTRI,6,10.595466,9,0.021838,0.098856,0.24041600000000002,0.5357919999999999,6,16,2.584289158635735,1.0,2025-03-23_Chinese_Grand_Prix,2025-03-23
P GASLY,6,10.559612,9,0.015876,0.08416599999999999,0.213218,0.553024,6,16,2.4961370888456473,20.0,2025-03-23_Chinese_Grand_Prix,2025-03-23
Y TSUNODA,6,10.360510000000001,9,0.008842,0.064234,0.17141,0.59461,6,16,2.3400335313643175,16.0,2025-03-23_Chinese_Grand_Prix,2025-03-23
A ALBON,15,12.235658,13,0.023388,0.085738,0.088848,0.327044,7,15,1.9885129305699125,9.0,2025-04-06_Japanese_Grand_Prix,2025-04-06
C LECLERC,15,11.596824,13,0.038248,0.123606,0.13092,0.39023399999999997,7,15,2.2222411250844196,4.0,2025-04-06_Japanese_Grand_Prix,2025-04-06
C SAINZ,13,11.078212,12,0.052828,0.15721800000000002,0.17033800000000002,0.43698200000000004,7,15,2.414655869418476,14.0,2025-04-06_Japanese_Grand_Prix,2025-04-06
E OCON,18,10.716818,11,0.065386,0.183096,0.20419600000000002,0.469228,7,15,2.570353979606837,18.0,2025-04-06_Japanese_Grand_Prix,2025-04-06
F ALONSO,10,10.429844,11,0.076724,0.203824,0.235016,0.492956,7,15,2.6997283312231786,11.0,2025-04-06_Japanese_Grand_Prix,2025-04-06
G BORTOLETO,2,10.274476,10,0.083404,0.215532,0.257334,0.5067159999999999,5,15,2.7917885246122407,19.0,2025-04-06_Japanese_Grand_Prix,2025-04-06
G RUSSELL,2,10.22074,10,0.085874,0.218834,0.273144,0.51281,5,16,2.8555953252485344,5.0,2025-04-06_Japanese_Grand_Prix,2025-04-06
I HADJAR,1,10.242162,10,0.084988,0.21527800000000002,0.283432,0.512518,5,16,2.891702885108722,8.0,2025-04-06_Japanese_Grand_Prix,2025-04-06
J DOOHAN,1,10.315829999999998,10,0.080082,0.205894,0.287286,0.51021,5,16,2.9063146770611383,15.0,2025-04-06_Japanese_Grand_Prix,2025-04-06
K ANTONELLI,20,10.362286,10,0.073476,0.19556,0.28971600000000003,0.5091880000000001,5,16,2.9041957904866327,6.0,2025-04-06_Japanese_Grand_Prix,2025-04-06
L HAMILTON,8,10.413106,10,0.065956,0.18324200000000002,0.289876,0.509002,5,16,2.8901902689400703,7.0,2025-04-06_Japanese_Grand_Prix,2025-04-06
L LAWSON,5,10.470972,10,0.057502,0.168356,0.287482,0.506858,5,16,2.8666712434435246,17.0,2025-04-06_Japanese_Grand_Prix,2025-04-06
L NORRIS,5,10.464754,10,0.050114,0.15583,0.28664999999999996,0.509796,5,16,2.8355951775501556,2.0,2025-04-06_Japanese_Grand_Prix,2025-04-06
L STROLL,12,10.461184,10,0.04253,0.14178000000000002,0.282156,0.512222,5,16,2.7999208177691064,20.0,2025-04-06_Japanese_Grand_Prix,2025-04-06
M VERSTAPPEN,16,10.410806000000001,9,0.03529,0.128936,0.27987799999999996,0.5183220000000001,5,16,2.7534817487426895,1.0,2025-04-06_Japanese_Grand_Prix,2025-04-06
N HULKENBERG,6,10.344916,9,0.028402,0.114534,0.276436,0.526326,5,16,2.7008541786825075,16.0,2025-04-06_Japanese_Grand_Prix,2025-04-06
O BEARMAN,9,10.260323999999999,9,0.022384,0.10082200000000001,0.272618,0.535856,5,16,2.6364469143731806,10.0,2025-04-06_Japanese_Grand_Prix,2025-04-06
O PIASTRI,14,10.123484,9,0.016444,0.084734,0.269282,0.549624,5,14,2.5556535497271793,3.0,2025-04-06_Japanese_Grand_Prix,2025-04-06
P GASLY,14,9.936014,9,0.011184,0.069082,0.26738,0.567976,5,14,2.444366865161498,13.0,2025-04-06_Japanese_Grand_Prix,2025-04-06
Y TSUNODA,4,9.641589999999997,9,0.005796,0.048103999999999994,0.26801200000000003,0.596132,5,14,2.269042497553327,12.0,2025-04-06_Japanese_Grand_Prix,2025-04-06
A ALBON,18,11.725572,13,0.005724,0.12524200000000002,0.12894000000000003,0.45419199999999993,7,18,2.05198046797111,12.0,2025-04-13_Bahrain_Grand_Prix,2025-04-13
C LECLERC,18,11.354395999999998,11,0.011746,0.158744,0.167306,0.46259000000000006,7,18,2.3043252244297214,4.0,2025-04-13_Bahrain_Grand_Prix,2025-04-13
C SAINZ,7,11.170098,11,0.018512,0.17919200000000002,0.19440000000000002,0.464414,7,15,2.4670806203774873,19.0,2025-04-13_Bahrain_Grand_Prix,2025-04-13
E OCON,13,11.032438,11,0.02632,0.193202,0.216624,0.46767600000000004,7,15,2.5906004714397435,8.0,2025-04-13_Bahrain_Grand_Prix,2025-04-13
F ALONSO,15,10.886644,11,0.035362,0.203566,0.23746,0.47490399999999994,7,15,2.6906931976741992,15.0,2025-04-13_Bahrain_Grand_Prix,2025-04-13
G BORTOLETO,15,10.75105,11,0.04376,0.209236,0.25467,0.48380799999999996,5,15,2.7725390040223097,18.0,2025-04-13_Bahrain_Grand_Prix,2025-04-13
G RUSSELL,20,10.61355,11,0.052488,0.20994600000000002,0.26976000000000006,0.493796,5,15,2.8366008992960356,2.0,2025-04-13_Bahrain_Grand_Prix,2025-04-13
I HADJAR,11,10.454404,10,0.06058,0.208694,0.28243199999999996,0.5052920000000001,5,15,2.8807859268917158,13.0,2025-04-13_Bahrain_Grand_Prix,2025-04-13
J DOOHAN,3,10.316463999999998,10,0.067358,0.201988,0.291894,0.5169900000000001,5,15,2.9100806967950397,14.0,2025-04-13_Bahrain_Grand_Prix,2025-04-13
K ANTONELLI,3,10.17332,10,0.072864,0.194402,0.300022,0.5289699999999999,5,15,2.9201654232803165,11.0,2025-04-13_Bahrain_Grand_Prix,2025-04-13
L HAMILTON,1,10.046466,10,0.075864,0.18202200000000002,0.304144,0.53758,5,15,2.9162638712143996,5.0,2025-04-13_Bahrain_Grand_Prix,2025-04-13
L LAWSON,1,9.933804,9,0.077586,0.169022,0.30549000000000004,0.545992,5,15,2.8933843535087154,16.0,2025-04-13_Bahrain_Grand_Prix,2025-04-13
L NORRIS,9,9.898067999999999,9,0.076054,0.152746,0.30138,0.548262,5,15,2.8594422946588276,3.0,2025-04-13_Bahrain_Grand_Prix,2025-04-13
L STROLL,5,9.884388000000001,9,0.073156,0.13722800000000002,0.296468,0.546182,5,15,2.8134640436635925,17.0,2025-04-13_Bahrain_Grand_Prix,2025-04-13
M VERSTAPPEN,16,9.916910000000001,9,0.068848,0.12069,0.286212,0.5395700000000001,5,15,2.75776412134867,6.0,2025-04-13_Bahrain_Grand_Prix,2025-04-13
N HULKENBERG,12,9.974884000000001,9,0.063246,0.10432,0.275308,0.5307540000000001,5,15,2.691317879302701,20.0,2025-04-13_Bahrain_Grand_Prix,2025-04-13
O BEARMAN,17,10.115540000000001,9,0.055974,0.087616,0.257934,0.514472,5,15,2.6161764101856617,10.0,2025-04-13_Bahrain_Grand_Prix,2025-04-13
O PIASTRI,14,10.289768,11,0.048146,0.071664,0.23903400000000002,0.493124,6,16,2.528452743563676,1.0,2025-04-13_Bahrain_Grand_Prix,2025-04-13
P GASLY,14,10.530266000000003,12,0.039046,0.0545,0.21382199999999998,0.46696000000000004,6,16,2.4226343058035806,7.0,2025-04-13_Bahrain_Grand_Prix,2025-04-13
Y TSUNODA,14,10.931970000000002,12,0.027366,0.03598,0.17670000000000002,0.42447199999999996,6,16,2.265717238277155,9.0,2025-04-13_Bahrain_Grand_Prix,2025-04-13
A ALBON,15,11.998848,13,0.014914,0.111152,0.11372800000000001,0.41531599999999996,7,18,2.0406916049093384,9.0,2025-04-20_Saudi_Arabian_Grand_Prix,2025-04-20
C LECLERC,15,11.509936000000001,13,0.026368,0.156442,0.162692,0.438064,7,17,2.2897918695322064,3.0,2025-04-20_Saudi_Arabian_Grand_Prix,2025-04-20
C SAINZ,15,11.143543999999999,11,0.037578,0.190544,0.201584,0.452882,7,15,2.4575658603316377,8.0,2025-04-20_Saudi_Arabian_Grand_Prix,2025-04-20
E OCON,18,10.858828,11,0.048242,0.21534599999999998,0.233512,0.46409199999999995,7,15,2.5828349916682276,14.0,2025-04-20_Saudi_Arabian_Grand_Prix,2025-04-20
F ALONSO,10,10.653782,11,0.058098,0.231848,0.257506,0.469956,5,15,2.676878853379787,11.0,2025-04-20_Saudi_Arabian_Grand_Prix,2025-04-20
G BORTOLETO,2,10.524178,11,0.066174,0.24093399999999998,0.27545,0.47307,5,15,2.751924085133949,18.0,2025-04-20_Saudi_Arabian_Grand_Prix,2025-04-20
G RUSSELL,13,10.42197,11,0.074232,0.24287799999999998,0.28893800000000003,0.476036,4,15,2.8165300310069608,5.0,2025-04-20_Saudi_Arabian_Grand_Prix,2025-04-20
I HADJAR,11,10.371024,11,0.078248,0.237784,0.295992,0.47877,4,15,2.864515640888339,10.0,2025-04-20_Saudi_Arabian_Grand_Prix,2025-04-20
J DOOHAN,1,10.362588,11,0.080232,0.225506,0.297612,0.48044,5,16,2.8990699217340916,17.0,2025-04-20_Saudi_Arabian_Grand_Prix,2025-04-20
K ANTONELLI,1,10.350096,11,0.08023,0.2108,0.296634,0.48418400000000006,5,16,2.913776027289708,6.0,2025-04-20_Saudi_Arabian_Grand_Prix,2025-04-20
L HAMILTON,19,10.380968,11,0.076776,0.18936399999999998,0.290138,0.486798,5,16,2.9112894411933765,7.0,2025-04-20_Saudi_Arabian_Grand_Prix,2025-04-20
L LAWSON,19,10.407508,11,0.07066,0.164606,0.28143399999999996,0.492184,5,16,2.8910993416225903,12.0,2025-04-20_Saudi_Arabian_Grand_Prix,2025-04-20
L NORRIS,12,10.424209999999999,11,0.063112,0.14072800000000002,0.270672,0.49834800000000007,5,16,2.8544401781475703,4.0,2025-04-20_Saudi_Arabian_Grand_Prix,2025-04-20
L STROLL,5,10.425298000000002,10,0.055298,0.11816199999999999,0.260592,0.506022,5,16,2.8041546624408293,16.0,2025-04-20_Saudi_Arabian_Grand_Prix,2025-04-20
M VERSTAPPEN,17,10.401456,9,0.047598,0.096904,0.251056,0.5159380000000001,5,16,2.7443197844192455,2.0,2025-04-20_Saudi_Arabian_Grand_Prix,2025-04-20
N HULKENBERG,14,10.326582000000002,9,0.039482,0.077796,0.24376,0.5292399999999999,6,16,2.6763416280231813,15.0,2025-04-20_Saudi_Arabian_Grand_Prix,2025-04-20
O BEARMAN,6,10.243669999999998,9,0.031752,0.059898,0.237936,0.543032,6,16,2.5981631549736157,13.0,2025-04-20_Saudi_Arabian_Grand_Prix,2025-04-20
O PIASTRI,6,10.085404,9,0.024462,0.04424,0.236892,0.5631740000000001,6,14,2.5089792774265844,1.0,2025-04-20_Saudi_Arabian_Grand_Prix,2025-04-20
P GASLY,4,9.809691999999998,9,0.016956,0.029345999999999997,0.242206,0.592236,6,14,2.394944185420942,20.0,2025-04-20_Saudi_Arabian_Grand_Prix,2025-04-20
Y TSUNODA,4,9.300418000000002,8,0.009588,0.015722,0.261666,0.640218,5,14,2.2253673052984024,19.0,2025-04-20_Saudi_Arabian_Grand_Prix,2025-04-20
A ALBON,15,11.958994,13,0.038134,0.098508,0.10421799999999999,0.37494800000000006,7,15,2.0451490931098864,5.0,2025-05-04_Miami_Grand_Prix,2025-05-04
C LECLERC,15,11.268376,13,0.055824,0.148892,0.160882,0.440042,7,15,2.255595861535848,7.0,2025-05-04_Miami_Grand_Prix,2025-05-04
C SAINZ,15,10.719456000000001,11,0.068978,0.187172,0.207648,0.4864780000000001,7,15,2.4189729576542938,9.0,2025-05-04_Miami_Grand_Prix,2025-05-04
E OCON,7,10.23097,10,0.079762,0.221884,0.25266,0.523872,5,15,2.5584967718340708,12.0,2025-05-04_Miami_Grand_Prix,2025-05-04
F ALONSO,10,9.818045999999999,10,0.087586,0.24809799999999999,0.29053,0.552812,4,15,2.6751141165954877,15.0,2025-05-04_Miami_Grand_Prix,2025-05-04
G BORTOLETO,1,9.502632,10,0.091614,0.26334,0.31958400000000003,0.572754,3,15,2.767936782738064,18.0,2025-05-04_Miami_Grand_Prix,2025-05-04
G RUSSELL,1,9.31312,9,0.090046,0.26545399999999997,0.336952,0.583764,3,14,2.837596555301527,3.0,2025-05-04_Miami_Grand_Prix,2025-05-04
I HADJAR,2,9.249326,9,0.08452,0.255458,0.34241800000000006,0.5873860000000001,3,14,2.8851728226318727,11.0,2025-05-04_Miami_Grand_Prix,2025-05-04
J DOOHAN,20,9.253736,9,0.077632,0.23808400000000002,0.339868,0.587704,4,14,2.9109280588364665,20.0,2025-05-04_Miami_Grand_Prix,2025-05-04
K ANTONELLI,11,9.373963999999999,9,0.067728,0.212836,0.32914,0.579912,4,14,2.9180048237934857,6.0,2025-05-04_Miami_Grand_Prix,2025-05-04
L HAMILTON,11,9.549565999999999,9,0.058224,0.184982,0.312526,0.5693680000000001,4,14,2.9063569543954757,8.0,2025-05-04_Miami_Grand_Prix,2025-05-04
L LAWSON,4,9.749566,9,0.048588,0.158538,0.295998,0.556172,5,14,2.880173830226519,17.0,2025-05-04_Miami_Grand_Prix,2025-05-04
L NORRIS,8,10.033338,9,0.039618,0.13096,0.275184,0.5374380000000001,5,15,2.840241101419038,2.0,2025-05-04_Miami_Grand_Prix,2025-05-04
L STROLL,6,10.280516,9,0.032648,0.107928,0.258488,0.5209579999999999,5,16,2.791353539778285,16.0,2025-05-04_Miami_Grand_Prix,2025-05-04
M VERSTAPPEN,12,10.58084,11,0.025362,0.086752,0.24144,0.49961,6,16,2.738065899326277,4.0,2025-05-04_Miami_Grand_Prix,2025-05-04
N HULKENBERG,5,10.921354000000001,11,0.019214,0.06690199999999999,0.22250999999999999,0.47447199999999995,6,16,2.6761906838074148,14.0,2025-05-04_Miami_Grand_Prix,2025-05-04
O BEARMAN,14,11.289044,12,0.014604,0.051174,0.206044,0.44705400000000006,6,16,2.60973596230436,19.0,2025-05-04_Miami_Grand_Prix,2025-05-04
O PIASTRI,19,11.711714,12,0.010148,0.036816,0.188062,0.41402399999999995,6,17,2.5347238488732016,1.0,2025-05-04_Miami_Grand_Prix,2025-05-04
P GASLY,19,12.200828000000001,14,0.00658,0.023780000000000003,0.17085,0.37652599999999997,8,17,2.4389476839519357,13.0,2025-05-04_Miami_Grand_Prix,2025-05-04
Y TSUNODA,19,12.994614,14,0.00319,0.012442000000000002,0.14499800000000002,0.314706,9,17,2.2946879992299603,10.0,2025-05-04_Miami_Grand_Prix,2025-05-04
A ALBON,18,12.433460000000002,13,0.040716,0.092054,0.112502,0.354332,8,18,1.9277971512286012,5.0,2025-05-18_Emilia_Romagna_Grand_Prix,2025-05-18
C LECLERC,18,11.425636,13,0.061162,0.14581,0.182906,0.41216800000000003,8,15,2.2315333449774033,6.0,2025-05-18_Emilia_Romagna_Grand_Prix,2025-05-18
C SAINZ,15,10.643348000000001,12,0.07735,0.19030999999999998,0.24324799999999996,0.46225,7,15,2.457799448831153,8.0,2025-05-18_Emilia_Romagna_Grand_Prix,2025-05-18
E OCON,13,10.015724,10,0.087864,0.225634,0.29339,0.507282,5,15,2.632375942050471,20.0,2025-05-18_Emilia_Romagna_Grand_Prix,2025-05-18
F ALONSO,13,9.587888000000001,10,0.093858,0.24896,0.328472,0.541972,4,14,2.7497457459521097,11.0,2025-05-18_Emilia_Romagna_Grand_Prix,2025-05-18
F COLAPINTO,1,9.407124000000001,10,0.091272,0.25418999999999997,0.34236199999999994,0.5596420000000001,3,14,2.8236815905250237,16.0,2025-05-18_Emilia_Romagna_Grand_Prix,2025-05-18
G BORTOLETO,1,9.389608,10,0.086522,0.24909800000000004,0.34380800000000006,0.566916,4,14,2.8675045278536215,18.0,2025-05-18_Emilia_Romagna_Grand_Prix,2025-05-18
G RUSSELL,3,9.475832,10,0.078614,0.23675200000000002,0.334002,0.5664520000000001,4,14,2.891482081788898,7.0,2025-05-18_Emilia_Romagna_Grand_Prix,2025-05-18
I HADJAR,2,9.634723999999999,10,0.07095,0.21922600000000003,0.31878,0.559662,5,14,2.903114715752065,9.0,2025-05-18_Emilia_Romagna_Grand_Prix,2025-05-18
K ANTONELLI,11,9.865998000000001,10,0.061828,0.19934600000000002,0.300392,0.547698,5,14,2.9047022645781673,19.0,2025-05-18_Emilia_Romagna_Grand_Prix,2025-05-18
L HAMILTON,14,10.073965999999999,10,0.053396,0.17907800000000001,0.280928,0.536712,5,14,2.896044359139587,4.0,2025-05-18_Emilia_Romagna_Grand_Prix,2025-05-18
L LAWSON,14,10.311547999999998,10,0.045354,0.157574,0.26150199999999996,0.522618,5,15,2.8817041845697275,14.0,2025-05-18_Emilia_Romagna_Grand_Prix,2025-05-18
L NORRIS,19,10.504004000000002,10,0.038454,0.138208,0.24337,0.512022,6,16,2.8584778341411434,2.0,2025-05-18_Emilia_Romagna_Grand_Prix,2025-05-18
L STROLL,20,10.705691999999999,11,0.03159,0.11859800000000001,0.22654400000000002,0.49936800000000003,6,16,2.8270769085116023,15.0,2025-05-18_Emilia_Romagna_Grand_Prix,2025-05-18
M VERSTAPPEN,12,10.880939999999999,11,0.025046,0.098878,0.21141000000000001,0.48823800000000006,6,16,2.7845860907445052,1.0,2025-05-18_Emilia_Romagna_Grand_Prix,2025-05-18
N HULKENBERG,6,11.004194,11,0.020044,0.081646,0.20017000000000001,0.481202,6,16,2.7322470786774242,12.0,2025-05-18_Emilia_Romagna_Grand_Prix,2025-05-18
O BEARMAN,6,11.127892000000001,11,0.01521,0.064558,0.19054200000000002,0.472322,6,16,2.6676296678021494,17.0,2025-05-18_Emilia_Romagna_Grand_Prix,2025-05-18
O PIASTRI,17,11.206778,12,0.010462,0.048386000000000005,0.186256,0.46742599999999995,6,17,2.5847321996421972,3.0,2025-05-18_Emilia_Romagna_Grand_Prix,2025-05-18
P GASLY,17,11.219661999999998,12,0.00684,0.033392,0.189872,0.465942,6,17,2.472399306248581,13.0,2025-05-18_Emilia_Romagna_Grand_Prix,2025-05-18
Y TSUNODA,4,11.085982000000003,12,0.003468,0.018302,0.20954399999999998,0.475776,6,17,2.300447380324669,10.0,2025-05-18_Emilia_Romagna_Grand_Prix,2025-05-18
A ALBON,13,12.148114000000001,13,0.025404,0.166604,0.194004,0.257114,10,16,2.0484251210331945,9.0,2025-05-25_Monaco_Grand_Prix,2025-05-25
C LECLERC,13,11.297270000000001,13,0.040202,0.19524200000000003,0.24355800000000002,0.348106,8,15,2.350309776589401,2.0,2025-05-25_Monaco_Grand_Prix,2025-05-25
C SAINZ,18,10.632808,11,0.052646,0.211362,0.27833,0.41991199999999995,5,15,2.544179025569407,10.0,2025-05-25_Monaco_Grand_Prix,2025-05-25
E OCON,15,10.167364,11,0.062254,0.218296,0.302448,0.474786,5,15,2.6749923864134297,7.0,2025-05-25_Monaco_Grand_Prix,2025-05-25
F ALONSO,2,9.857984000000002,10,0.06922,0.21799200000000002,0.317322,0.515526,4,15,2.7625225838032748,19.0,2025-05-25_Monaco_Grand_Prix,2025-05-25
F COLAPINTO,11,9.659976,10,0.073754,0.21337,0.325848,0.546208,4,15,2.820481053108397,13.0,2025-05-25_Monaco_Grand_Prix,2025-05-25
G BORTOLETO,11,9.544618000000002,9,0.075632,0.208702,0.331164,0.566764,4,14,2.85774791911494,14.0,2025-05-25_Monaco_Grand_Prix,2025-05-25
G RUSSELL,1,9.519472,9,0.075318,0.20065999999999998,0.330242,0.579174,4,14,2.881959855969854,11.0,2025-05-25_Monaco_Grand_Prix,2025-05-25
I HADJAR,1,9.540716000000002,9,0.073608,0.191544,0.326262,0.586592,4,14,2.8978505123267126,6.0,2025-05-25_Monaco_Grand_Prix,2025-05-25
K ANTONELLI,5,9.609895999999999,9,0.070066,0.18041400000000002,0.31744,0.588244,5,14,2.9060281736133304,18.0,2025-05-25_Monaco_Grand_Prix,2025-05-25
L HAMILTON,10,9.712846,9,0.06634,0.168192,0.306562,0.5874579999999999,5,14,2.9069456589623828,5.0,2025-05-25_Monaco_Grand_Prix,2025-05-25
L LAWSON,12,9.855134,9,0.061854,0.156364,0.292664,0.5809719999999999,5,15,2.8997607398319682,8.0,2025-05-25_Monaco_Grand_Prix,2025-05-25
L NORRIS,16,10.046300000000002,10,0.055336,0.1414,0.274588,0.569988,5,16,2.8842438840054223,1.0,2025-05-25_Monaco_Grand_Prix,2025-05-25
L STROLL,16,10.267552,10,0.049146,0.12613,0.254064,0.556148,5,16,2.857297808421001,15.0,2025-05-25_Monaco_Grand_Prix,2025-05-25
M VERSTAPPEN,19,10.526142,10,0.042168,0.109604,0.228318,0.53949,6,16,2.815121799819672,4.0,2025-05-25_Monaco_Grand_Prix,2025-05-25
N HULKENBERG,7,10.812350000000002,10,0.035404,0.093554,0.20138,0.51774,6,16,2.758630231371404,16.0,2025-05-25_Monaco_Grand_Prix,2025-05-25
O BEARMAN,6,11.128986,11,0.028204,0.076296,0.17081,0.49301600000000007,6,16,2.67506091776624,12.0,2025-05-25_Monaco_Grand_Prix,2025-05-25
O PIASTRI,14,11.45513,12,0.021308,0.059247999999999995,0.139018,0.465514,6,17,2.564052378970381,3.0,2025-05-25_Monaco_Grand_Prix,2025-05-25
P GASLY,14,11.860294,14,0.01448,0.041548,0.10258999999999999,0.428736,7,17,2.409402896233943,20.0,2025-05-25_Monaco_Grand_Prix,2025-05-25
Y TSUNODA,14,12.357048000000002,14,0.007656,0.023478,0.063388,0.378512,7,17,2.1772760847482875,17.0,2025-05-25_Monaco_Grand_Prix,2025-05-25
A ALBON,17,12.427508,13,0.015492,0.059601999999999995,0.06552,0.28881799999999996,10,17,1.9634797131718695,19.0,2025-06-01_Spanish_Grand_Prix,2025-06-01
C LECLERC,17,11.622167999999999,13,0.028138,0.09544799999999999,0.10858399999999999,0.35412399999999994,8,14,2.2161045873287586,3.0,2025-06-01_Spanish_Grand_Prix,2025-06-01
C SAINZ,13,11.008545999999999,11,0.040906,0.128348,0.15062399999999998,0.406864,8,14,2.410137119897393,14.0,2025-06-01_Spanish_Grand_Prix,2025-06-01
E OCON,14,10.517422,11,0.05312,0.156184,0.19022399999999998,0.45345,8,14,2.570770514074539,16.0,2025-06-01_Spanish_Grand_Prix,2025-06-01
F ALONSO,11,10.105838,11,0.064526,0.18141600000000002,0.22800600000000001,0.494634,7,14,2.6949082160900284,9.0,2025-06-01_Spanish_Grand_Prix,2025-06-01
F COLAPINTO,11,9.819028,10,0.074196,0.199164,0.260146,0.526148,5,14,2.786448376063678,15.0,2025-06-01_Spanish_Grand_Prix,2025-06-01
G BORTOLETO,10,9.651378000000001,10,0.08014,0.20823199999999997,0.283362,0.548268,5,14,2.84589726815917,12.0,2025-06-01_Spanish_Grand_Prix,2025-06-01
G RUSSELL,10,9.56873,10,0.081696,0.20994000000000002,0.29933600000000005,0.561778,5,14,2.8754553056398806,4.0,2025-06-01_Spanish_Grand_Prix,2025-06-01
I HADJAR,1,9.533594,10,0.081516,0.209356,0.31068999999999997,0.57003,5,14,2.8794943839218536,7.0,2025-06-01_Spanish_Grand_Prix,2025-06-01
K ANTONELLI,1,9.544796000000002,9,0.07781,0.20248,0.315826,0.574312,5,15,2.8681502597589668,18.0,2025-06-01_Spanish_Grand_Prix,2025-06-01
L HAMILTON,5,9.58287,9,0.072414,0.194156,0.317754,0.57434,5,15,2.8429324864278502,6.0,2025-06-01_Spanish_Grand_Prix,2025-06-01
L LAWSON,5,9.632943999999998,9,0.066216,0.184552,0.316314,0.572842,5,15,2.8098864447320095,11.0,2025-06-01_Spanish_Grand_Prix,2025-06-01
L NORRIS,12,9.674038,9,0.059436,0.174382,0.313942,0.570176,5,15,2.7720193903141546,2.0,2025-06-01_Spanish_Grand_Prix,2025-06-01
M VERSTAPPEN,16,9.693674000000001,9,0.051708,0.162796,0.311394,0.570188,5,15,2.7263020519905012,10.0,2025-06-01_Spanish_Grand_Prix,2025-06-01
N HULKENBERG,16,9.702207999999999,9,0.046168,0.153446,0.30866000000000005,0.570212,5,15,2.6776947461173464,5.0,2025-06-01_Spanish_Grand_Prix,2025-06-01
O BEARMAN,6,9.683552,9,0.03789,0.14184,0.305952,0.572506,5,15,2.6201551864495816,17.0,2025-06-01_Spanish_Grand_Prix,2025-06-01
O PIASTRI,6,9.649812,7,0.030584,0.129276,0.30201,0.5756720000000001,5,15,2.5540234790323533,1.0,2025-06-01_Spanish_Grand_Prix,2025-06-01
P GASLY,6,9.489386,7,0.023538,0.11505599999999999,0.30275199999999997,0.589736,4,15,2.4680305837853793,8.0,2025-06-01_Spanish_Grand_Prix,2025-06-01
Y TSUNODA,6,9.092507999999999,6,0.014506,0.094326,0.30890399999999996,0.6259020000000001,4,15,2.31813759383173,13.0,2025-06-01_Spanish_Grand_Prix,2025-06-01
A ALBON,8,11.822403999999999,11,0.023132,0.063644,0.08162,0.4336460000000001,8,15,1.9889013923822363,20.0,2025-06-15_Canadian_Grand_Prix,2025-06-15
C LECLERC,8,11.393382,11,0.03937,0.102034,0.13538,0.43234,8,15,2.259444090008705,5.0,2025-06-15_Canadian_Grand_Prix,2025-06-15
C SAINZ,18,10.899291999999999,11,0.052054,0.133504,0.18188600000000002,0.453878,8,15,2.447966341196204,10.0,2025-06-15_Canadian_Grand_Prix,2025-06-15
E OCON,15,10.404756,11,0.064292,0.16347799999999998,0.22623,0.484336,6,15,2.594224318167272,9.0,2025-06-15_Canadian_Grand_Prix,2025-06-15
F ALONSO,13,9.996058,10,0.074074,0.18709399999999998,0.26328599999999996,0.51393,5,15,2.707192969788158,7.0,2025-06-15_Canadian_Grand_Prix,2025-06-15
F COLAPINTO,10,9.695922000000001,10,0.080004,0.20262,0.293124,0.540686,5,15,2.797778689724634,13.0,2025-06-15_Canadian_Grand_Prix,2025-06-15
G BORTOLETO,2,9.50403,10,0.083152,0.21309599999999998,0.314704,0.56016,5,14,2.860756001909409,14.0,2025-06-15_Canadian_Grand_Prix,2025-06-15
G RUSSELL,1,9.436032000000003,10,0.083004,0.216194,0.326114,0.571686,5,15,2.901691622959061,1.0,2025-06-15_Canadian_Grand_Prix,2025-06-15
I HADJAR,5,9.474188,9,0.078474,0.212244,0.327604,0.57623,5,15,2.9208714645750464,16.0,2025-06-15_Canadian_Grand_Prix,2025-06-15
K ANTONELLI,5,9.564485999999999,9,0.073456,0.20451799999999998,0.32521599999999995,0.575262,5,15,2.9223307266107237,3.0,2025-06-15_Canadian_Grand_Prix,2025-06-15
L HAMILTON,6,9.723926,9,0.06642,0.19427,0.316766,0.56893,5,16,2.9083298836584595,6.0,2025-06-15_Canadian_Grand_Prix,2025-06-15
L LAWSON,6,9.911287999999999,9,0.057984,0.180614,0.30568,0.558962,5,16,2.882176924748167,19.0,2025-06-15_Canadian_Grand_Prix,2025-06-15
L NORRIS,9,10.115262,9,0.051036,0.167364,0.292248,0.545754,5,16,2.8498710426493044,18.0,2025-06-15_Canadian_Grand_Prix,2025-06-15
L STROLL,17,10.333098,9,0.04373,0.15390199999999998,0.279076,0.52926,5,16,2.8089898169074083,17.0,2025-06-15_Canadian_Grand_Prix,2025-06-15
M VERSTAPPEN,7,10.54922,10,0.03692,0.13995600000000002,0.26480600000000004,0.512544,5,16,2.7600809932576205,2.0,2025-06-15_Canadian_Grand_Prix,2025-06-15
N HULKENBERG,14,10.804829999999999,11,0.030388,0.124976,0.24882200000000002,0.490308,6,16,2.7062385728306353,8.0,2025-06-15_Canadian_Grand_Prix,2025-06-15
O BEARMAN,12,11.049346000000002,12,0.024104,0.110622,0.234086,0.46797000000000005,6,17,2.6454290573032266,11.0,2025-06-15_Canadian_Grand_Prix,2025-06-15
O PIASTRI,19,11.328706,12,0.018526,0.094862,0.217388,0.43955400000000006,6,17,2.571679052769121,4.0,2025-06-15_Canadian_Grand_Prix,2025-06-15
P GASLY,19,11.713102,12,0.012694,0.07813,0.196942,0.400664,7,17,2.474531977996008,15.0,2025-06-15_Canadian_Grand_Prix,2025-06-15
Y TSUNODA,19,12.280672000000001,12,0.007186,0.056878,0.16902199999999998,0.3439,7,17,2.319589230579747,12.0,2025-06-15_Canadian_Grand_Prix,2025-06-15
A ALBON,13,11.600762000000001,13,0.011012,0.13734800000000003,0.14328200000000005,0.34225,8,15,2.0380162453706503,17.0,2025-06-29_Austrian_Grand_Prix,2025-06-29
C LECLERC,13,11.162270000000001,12,0.02086,0.15267799999999998,0.16501199999999996,0.38420200000000004,8,15,2.2700578546521046,3.0,2025-06-29_Austrian_Grand_Prix,2025-06-29
C SAINZ,13,10.861941999999999,11,0.030924,0.161492,0.18232399999999999,0.41465399999999997,8,15,2.45013823697189,20.0,2025-06-29_Austrian_Grand_Prix,2025-06-29
E OCON,8,10.632214,11,0.041238,0.166952,0.19715,0.44153600000000004,8,15,2.600594908046343,10.0,2025-06-29_Austrian_Grand_Prix,2025-06-29
F ALONSO,11,10.481602,11,0.050998,0.167892,0.20917000000000002,0.464632,7,15,2.721549122427187,7.0,2025-06-29_Austrian_Grand_Prix,2025-06-29
F COLAPINTO,15,10.349343999999999,11,0.060468,0.16842400000000002,0.22246600000000002,0.48785800000000007,7,15,2.8168283319550036,15.0,2025-06-29_Austrian_Grand_Prix,2025-06-29
G BORTOLETO,10,10.264144,10,0.06751,0.16740000000000002,0.23458800000000002,0.5081180000000001,6,15,2.8815447871370767,8.0,2025-06-29_Austrian_Grand_Prix,2025-06-29
G RUSSELL,10,10.220608000000002,10,0.072752,0.165682,0.24475400000000003,0.52411,6,15,2.916287399264635,5.0,2025-06-29_Austrian_Grand_Prix,2025-06-29
I HADJAR,12,10.195882,10,0.074982,0.162488,0.253196,0.536208,5,15,2.9292117512482325,12.0,2025-06-29_Austrian_Grand_Prix,2025-06-29
K ANTONELLI,12,10.193362,10,0.074796,0.161078,0.262142,0.544558,5,15,2.926183593520247,19.0,2025-06-29_Austrian_Grand_Prix,2025-06-29
L HAMILTON,7,10.216249999999999,10,0.072476,0.158164,0.26742,0.5498379999999999,5,15,2.909698530329415,4.0,2025-06-29_Austrian_Grand_Prix,2025-06-29
L LAWSON,5,10.251358,10,0.069362,0.154652,0.273234,0.550938,5,16,2.885467381526074,6.0,2025-06-29_Austrian_Grand_Prix,2025-06-29
L NORRIS,20,10.297311999999998,9,0.065394,0.15123399999999998,0.277026,0.55103,5,16,2.8522465849869127,1.0,2025-06-29_Austrian_Grand_Prix,2025-06-29
L STROLL,6,10.316324,9,0.060772,0.148044,0.282522,0.550318,5,16,2.8143211766058465,14.0,2025-06-29_Austrian_Grand_Prix,2025-06-29
M VERSTAPPEN,6,10.366842,9,0.054548,0.143876,0.28534000000000004,0.5461259999999999,5,16,2.769860720599336,18.0,2025-06-29_Austrian_Grand_Prix,2025-06-29
N HULKENBERG,14,10.429268,9,0.048604,0.13901000000000002,0.287612,0.539948,5,16,2.718274033220981,9.0,2025-06-29_Austrian_Grand_Prix,2025-06-29
O BEARMAN,16,10.474931999999999,9,0.04205,0.134682,0.29179,0.5332020000000001,5,16,2.659471807858322,11.0,2025-06-29_Austrian_Grand_Prix,2025-06-29
O PIASTRI,4,10.506135999999998,9,0.03559,0.130034,0.29859800000000003,0.524562,5,16,2.5881139562168656,2.0,2025-06-29_Austrian_Grand_Prix,2025-06-29
P GASLY,16,10.574606,10,0.027684,0.120896,0.30341000000000007,0.5112279999999999,4,16,2.496490035209744,13.0,2025-06-29_Austrian_Grand_Prix,2025-06-29
Y TSUNODA,4,10.604842000000001,12,0.01798,0.107974,0.318964,0.494684,4,16,2.345869327433593,16.0,2025-06-29_Austrian_Grand_Prix,2025-06-29
A ALBON,18,12.673811999999998,13,0.007086,0.08132,0.09708200000000002,0.294152,8,18,2.0178878873127846,8.0,2025-07-06_British_Grand_Prix,2025-07-06
C LECLERC,18,11.948508,13,0.013844,0.11954999999999999,0.14803999999999998,0.34596600000000005,8,15,2.2559121116354994,14.0,2025-07-06_British_Grand_Prix,2025-07-06
C SAINZ,18,11.393036,13,0.02242,0.15256199999999998,0.19449,0.39229200000000003,8,15,2.4384079256573195,12.0,2025-07-06_British_Grand_Prix,2025-07-06
E OCON,13,10.940475999999999,11,0.031306,0.178994,0.23636799999999997,0.43324399999999996,8,15,2.5835752865651105,13.0,2025-07-06_British_Grand_Prix,2025-07-06
F ALONSO,11,10.562644,11,0.040574,0.20233800000000002,0.27451200000000003,0.47195400000000004,5,15,2.6991038439855473,9.0,2025-07-06_British_Grand_Prix,2025-07-06
F COLAPINTO,11,10.287420000000001,10,0.049676,0.21613,0.301324,0.504176,5,15,2.780472286703091,20.0,2025-07-06_British_Grand_Prix,2025-07-06
G BORTOLETO,2,10.079683999999999,10,0.05933,0.22573,0.32323199999999996,0.530466,5,15,2.839283804499161,18.0,2025-07-06_British_Grand_Prix,2025-07-06
G RUSSELL,3,9.956010000000001,10,0.066848,0.22514,0.333848,0.54957,4,15,2.876231572807235,10.0,2025-07-06_British_Grand_Prix,2025-07-06
I HADJAR,3,9.896096,10,0.071516,0.21956799999999999,0.33661599999999997,0.5610839999999999,4,15,2.897681232957343,17.0,2025-07-06_British_Grand_Prix,2025-07-06
K ANTONELLI,10,9.866706,10,0.075186,0.210312,0.333546,0.569012,4,15,2.9047394762249144,16.0,2025-07-06_British_Grand_Prix,2025-07-06
L HAMILTON,19,9.868548,10,0.076606,0.19746,0.32602200000000003,0.57121,4,15,2.8988073488185124,4.0,2025-07-06_British_Grand_Prix,2025-07-06
L LAWSON,1,9.908299999999999,9,0.076176,0.18163799999999997,0.312994,0.568438,5,16,2.8808691583314254,19.0,2025-07-06_British_Grand_Prix,2025-07-06
L NORRIS,9,9.979987999999999,9,0.073218,0.16415200000000002,0.296246,0.5621900000000001,5,16,2.8504929284080625,1.0,2025-07-06_British_Grand_Prix,2025-07-06
L STROLL,12,10.04798,9,0.068654,0.145688,0.278786,0.554966,5,16,2.8090734377675886,7.0,2025-07-06_British_Grand_Prix,2025-07-06
M VERSTAPPEN,7,10.150535999999999,9,0.063988,0.12651400000000002,0.258454,0.5440780000000001,5,16,2.7557319011227333,5.0,2025-07-06_British_Grand_Prix,2025-07-06
N HULKENBERG,14,10.251222,10,0.057272,0.108198,0.238074,0.533398,6,16,2.6952272686277,3.0,2025-07-06_British_Grand_Prix,2025-07-06
O BEARMAN,14,10.372362,10,0.049794,0.089046,0.21560400000000002,0.520556,6,16,2.6196766698389946,11.0,2025-07-06_British_Grand_Prix,2025-07-06
O PIASTRI,6,10.492246,10,0.041972,0.070798,0.192882,0.507944,6,16,2.5300416944284225,2.0,2025-07-06_British_Grand_Prix,2025-07-06
P GASLY,6,10.62968,12,0.03275,0.052478000000000004,0.166946,0.49464400000000003,6,16,2.418858425251464,6.0,2025-07-06_British_Grand_Prix,2025-07-06
Y TSUNODA,6,10.694746000000002,12,0.021784,0.032384,0.134934,0.4906600000000001,6,16,2.255408791804448,15.0,2025-07-06_British_Grand_Prix,2025-07-06
A ALBON,18,12.329474,13,0.050054,0.156692,0.160216,0.30810800000000005,8,18,1.9869078184301041,6.0,2025-07-27_Belgian_Grand_Prix,2025-07-27
C LECLERC,18,11.615644000000001,13,0.069792,0.192404,0.20062799999999997,0.37538600000000005,8,18,2.241603385271781,3.0,2025-07-27_Belgian_Grand_Prix,2025-07-27
C SAINZ,13,11.178363999999998,13,0.08319,0.212878,0.227256,0.417502,7,16,2.4362859543911464,18.0,2025-07-27_Belgian_Grand_Prix,2025-07-27
E OCON,15,10.858794,12,0.092794,0.22352,0.24597,0.44931600000000005,6,16,2.608628958035434,15.0,2025-07-27_Belgian_Grand_Prix,2025-07-27
F ALONSO,2,10.668845999999998,12,0.095082,0.22157800000000002,0.25416400000000006,0.470034,5,16,2.7454486051192872,17.0,2025-07-27_Belgian_Grand_Prix,2025-07-27
F COLAPINTO,1,10.533695999999999,11,0.093482,0.21376,0.257992,0.48660000000000003,5,16,2.847967841588809,19.0,2025-07-27_Belgian_Grand_Prix,2025-07-27
G BORTOLETO,20,10.481382,11,0.08614,0.19878600000000002,0.254428,0.49570400000000003,5,16,2.9132000802303173,9.0,2025-07-27_Belgian_Grand_Prix,2025-07-27
G RUSSELL,20,10.4251,10,0.077106,0.183328,0.250598,0.503638,5,16,2.9429563078756193,5.0,2025-07-27_Belgian_Grand_Prix,2025-07-27
I HADJAR,12,10.416306,10,0.066552,0.1664,0.246158,0.50896,6,16,2.9476543260699186,20.0,2025-07-27_Belgian_Grand_Prix,2025-07-27
K ANTONELLI,12,10.394815999999999,10,0.057326,0.153366,0.24382199999999998,0.5133,6,16,2.93316333680943,16.0,2025-07-27_Belgian_Grand_Prix,2025-07-27
L HAMILTON,12,10.360914000000003,10,0.048346,0.141176,0.243096,0.5188900000000001,6,16,2.9093672245444444,7.0,2025-07-27_Belgian_Grand_Prix,2025-07-27
L LAWSON,7,10.346812,10,0.041194,0.131814,0.243564,0.5228780000000001,6,16,2.8806424865548204,8.0,2025-07-27_Belgian_Grand_Prix,2025-07-27
L NORRIS,17,10.324663999999999,10,0.034012,0.121422,0.24274400000000002,0.526784,6,16,2.8464260199144538,2.0,2025-07-27_Belgian_Grand_Prix,2025-07-27
L STROLL,17,10.281827999999999,10,0.027924,0.11441200000000001,0.24657,0.531606,6,16,2.8104623403366045,14.0,2025-07-27_Belgian_Grand_Prix,2025-07-27
M VERSTAPPEN,6,10.233556,10,0.023066,0.108724,0.251732,0.536608,5,15,2.7739010935752697,4.0,2025-07-27_Belgian_Grand_Prix,2025-07-27
N HULKENBERG,14,10.170664,10,0.018344,0.10253,0.25787,0.543776,5,14,2.7332601307219844,12.0,2025-07-27_Belgian_Grand_Prix,2025-07-27
O BEARMAN,5,10.083608,10,0.014088,0.09786600000000001,0.265686,0.551854,5,14,2.6895179905366438,11.0,2025-07-27_Belgian_Grand_Prix,2025-07-27
O PIASTRI,5,9.976368,10,0.010654,0.09302200000000001,0.277438,0.561672,5,14,2.639099064212717,1.0,2025-07-27_Belgian_Grand_Prix,2025-07-27
P GASLY,5,9.810902,10,0.007112,0.087552,0.296332,0.576102,5,14,2.5703674447042464,10.0,2025-07-27_Belgian_Grand_Prix,2025-07-27
Y TSUNODA,5,9.508262,9,0.003742,0.07876999999999999,0.333736,0.6012820000000001,5,14,2.453709419978209,13.0,2025-07-27_Belgian_Grand_Prix,2025-07-27
A ALBON,18,11.277326,13,0.001766,0.165896,0.195948,0.42659400000000003,8,18,1.969878637881249,15.0,2025-08-03_Hungarian_Grand_Prix,2025-08-03
C LECLERC,18,10.786693999999999,13,0.004376,0.171212,0.219674,0.449112,8,15,2.2718422064070833,4.0,2025-08-03_Hungarian_Grand_Prix,2025-08-03
C SAINZ,8,10.530420000000003,11,0.007958,0.168704,0.23374,0.46050199999999997,7,15,2.5060714146043237,14.0,2025-08-03_Hungarian_Grand_Prix,2025-08-03
E OCON,2,10.396918,11,0.012322,0.16259,0.241228,0.469044,6,15,2.681251587393084,16.0,2025-08-03_Hungarian_Grand_Prix,2025-08-03
F ALONSO,15,10.334548000000002,11,0.017904,0.155414,0.242714,0.474944,6,15,2.80360341814487,5.0,2025-08-03_Hungarian_Grand_Prix,2025-08-03
F COLAPINTO,15,10.297008,11,0.023282,0.150486,0.24376000000000003,0.483412,6,15,2.8772480188590595,18.0,2025-08-03_Hungarian_Grand_Prix,2025-08-03
G BORTOLETO,5,10.306802000000001,11,0.029346,0.146554,0.24231799999999998,0.48968400000000006,6,15,2.9187507061035998,6.0,2025-08-03_Hungarian_Grand_Prix,2025-08-03
G RUSSELL,5,10.327259999999999,11,0.035464,0.143994,0.239996,0.49445599999999995,6,15,2.936200273702616,3.0,2025-08-03_Hungarian_Grand_Prix,2025-08-03
I HADJAR,11,10.381239999999998,11,0.041192,0.142426,0.237352,0.49756999999999996,6,15,2.938429981245924,11.0,2025-08-03_Hungarian_Grand_Prix,2025-08-03
K ANTONELLI,14,10.415338,10,0.0467,0.142474,0.237506,0.502242,6,15,2.9306578678576733,10.0,2025-08-03_Hungarian_Grand_Prix,2025-08-03
L HAMILTON,12,10.45282,10,0.052326,0.142702,0.23726599999999998,0.506572,6,15,2.915904845200299,12.0,2025-08-03_Hungarian_Grand_Prix,2025-08-03
L LAWSON,10,10.482726,10,0.058094,0.143474,0.23899199999999998,0.510344,6,15,2.894839591763076,8.0,2025-08-03_Hungarian_Grand_Prix,2025-08-03
L NORRIS,9,10.517964000000001,10,0.063768,0.14499800000000002,0.24129200000000003,0.51349,6,16,2.8702125054461467,1.0,2025-08-03_Hungarian_Grand_Prix,2025-08-03
L STROLL,6,10.545917999999999,10,0.070322,0.14662999999999998,0.24512599999999998,0.516444,6,16,2.8410924983393206,7.0,2025-08-03_Hungarian_Grand_Prix,2025-08-03
M VERSTAPPEN,6,10.575448,10,0.074454,0.146024,0.248718,0.520294,6,16,2.8075422133771,9.0,2025-08-03_Hungarian_Grand_Prix,2025-08-03
N HULKENBERG,6,10.578543999999999,10,0.081082,0.147848,0.25689,0.52389,5,16,2.769402470364179,13.0,2025-08-03_Hungarian_Grand_Prix,2025-08-03
O BEARMAN,4,10.591444,10,0.08671,0.14740399999999998,0.26522399999999996,0.52639,5,16,2.721241048665786,20.0,2025-08-03_Hungarian_Grand_Prix,2025-08-03
O PIASTRI,4,10.56871,10,0.092064,0.14731,0.279788,0.531284,4,16,2.6640158221246977,2.0,2025-08-03_Hungarian_Grand_Prix,2025-08-03
P GASLY,4,10.45964,10,0.098302,0.145336,0.302712,0.5413519999999999,4,17,2.5817554360360964,19.0,2025-08-03_Hungarian_Grand_Prix,2025-08-03
Y TSUNODA,4,10.173231999999999,9,0.102568,0.138524,0.349756,0.56238,4,16,2.4331337232662467,17.0,2025-08-03_Hungarian_Grand_Prix,2025-08-03
A ALBON,18,12.89543,13,0.004524,0.078654,0.087336,0.283618,8,18,1.9894180730335984,5.0,2025-08-31_Dutch_Grand_Prix,2025-08-31
C LECLERC,18,11.909238,13,0.01005,0.11693600000000001,0.13416,0.355018,8,15,2.27998949167239,19.0,2025-08-31_Dutch_Grand_Prix,2025-08-31
C SAINZ,13,11.24321,12,0.016232,0.14772,0.175158,0.410456,8,15,2.4822509755303757,13.0,2025-08-31_Dutch_Grand_Prix,2025-08-31
E OCON,15,10.7244,11,0.023572,0.17282,0.211316,0.455724,8,15,2.6308844261562756,10.0,2025-08-31_Dutch_Grand_Prix,2025-08-31
F ALONSO,15,10.342049999999999,11,0.031748,0.19128599999999998,0.24104599999999998,0.492466,6,15,2.7396202099264975,8.0,2025-08-31_Dutch_Grand_Prix,2025-08-31
F COLAPINTO,2,10.100832,10,0.039492,0.20080000000000003,0.26143000000000005,0.520834,5,15,2.8089922096509414,11.0,2025-08-31_Dutch_Grand_Prix,2025-08-31
G BORTOLETO,11,9.91875,10,0.048254,0.206116,0.27734,0.541376,5,14,2.856157070345546,15.0,2025-08-31_Dutch_Grand_Prix,2025-08-31
G RUSSELL,11,9.831458,10,0.054362,0.205422,0.286494,0.556618,5,14,2.8825874700227567,4.0,2025-08-31_Dutch_Grand_Prix,2025-08-31
I HADJAR,9,9.785956,10,0.061524,0.202952,0.293346,0.566218,5,14,2.8978809679987734,3.0,2025-08-31_Dutch_Grand_Prix,2025-08-31
K ANTONELLI,10,9.787501999999998,10,0.066438,0.196718,0.29587399999999997,0.570816,5,14,2.900405671684392,16.0,2025-08-31_Dutch_Grand_Prix,2025-08-31
L HAMILTON,12,9.81453,10,0.070918,0.189434,0.29542799999999997,0.571734,5,14,2.8958605332052323,20.0,2025-08-31_Dutch_Grand_Prix,2025-08-31
L LAWSON,1,9.883286000000002,9,0.073626,0.179762,0.29271,0.56858,5,15,2.884881196490153,12.0,2025-08-31_Dutch_Grand_Prix,2025-08-31
L NORRIS,7,9.961517999999998,9,0.07535,0.168788,0.28935199999999994,0.563838,5,16,2.8614319204453937,18.0,2025-08-31_Dutch_Grand_Prix,2025-08-31
L STROLL,19,10.100454,10,0.074976,0.15555,0.28241799999999995,0.552252,5,16,2.8311752595627606,7.0,2025-08-31_Dutch_Grand_Prix,2025-08-31
M VERSTAPPEN,16,10.195447999999999,10,0.07365,0.141968,0.277088,0.5438320000000001,5,16,2.7865158304710596,2.0,2025-08-31_Dutch_Grand_Prix,2025-08-31
N HULKENBERG,6,10.360692,10,0.069848,0.126488,0.26942999999999995,0.527776,5,16,2.7320340120750983,14.0,2025-08-31_Dutch_Grand_Prix,2025-08-31
O BEARMAN,14,10.51825,10,0.064852,0.108908,0.26158400000000004,0.511864,5,16,2.656378081289155,6.0,2025-08-31_Dutch_Grand_Prix,2025-08-31
O PIASTRI,17,10.676104,11,0.058326,0.091832,0.25767999999999996,0.49293799999999993,5,16,2.555588125757069,1.0,2025-08-31_Dutch_Grand_Prix,2025-08-31
P GASLY,17,10.873132,12,0.047464,0.07051,0.25397,0.47031199999999995,5,17,2.4191129798155937,17.0,2025-08-31_Dutch_Grand_Prix,2025-08-31
Y TSUNODA,17,11.077760000000001,14,0.034794,0.047335999999999996,0.25683999999999996,0.44373,5,17,2.2092312254474114,9.0,2025-08-31_Dutch_Grand_Prix,2025-08-31
A ALBON,18,12.626720000000002,13,0.006606,0.08655,0.10061200000000001,0.31518,8,16,2.0322978900284703,7.0,2025-09-07_Italian_Grand_Prix,2025-09-07
C LECLERC,18,11.947181999999998,13,0.013326,0.117066,0.143812,0.380416,8,15,2.2766432005453594,4.0,2025-09-07_Italian_Grand_Prix,2025-09-07
C SAINZ,18,11.430124,13,0.02141,0.141266,0.18065799999999999,0.42858799999999997,8,15,2.4601527401473753,11.0,2025-09-07_Italian_Grand_Prix,2025-09-07
E OCON,8,10.982455999999999,11,0.030478,0.161382,0.213858,0.468316,7,15,2.6065246794985026,15.0,2025-09-07_Italian_Grand_Prix,2025-09-07
F ALONSO,2,10.661772000000001,11,0.038582,0.175088,0.24078,0.49592400000000003,7,15,2.7150017820702756,19.0,2025-09-07_Italian_Grand_Prix,2025-09-07
F COLAPINTO,2,10.37903,10,0.047454,0.18565600000000002,0.26504400000000006,0.516652,5,15,2.7966825300122458,17.0,2025-09-07_Italian_Grand_Prix,2025-09-07
G BORTOLETO,10,10.1846,10,0.055962,0.19248600000000002,0.282366,0.529814,5,15,2.850042178294317,8.0,2025-09-07_Italian_Grand_Prix,2025-09-07
G RUSSELL,20,10.020388,10,0.063428,0.197146,0.297564,0.53825,5,15,2.8850023338842443,5.0,2025-09-07_Italian_Grand_Prix,2025-09-07
I HADJAR,11,9.921096,10,0.068964,0.197606,0.307182,0.542122,5,16,2.900775836122685,10.0,2025-09-07_Italian_Grand_Prix,2025-09-07
K ANTONELLI,5,9.885178,10,0.07308,0.19538,0.310492,0.541328,5,16,2.908632537385381,9.0,2025-09-07_Italian_Grand_Prix,2025-09-07
L HAMILTON,1,9.849996,10,0.075488,0.19201200000000002,0.314044,0.541046,5,16,2.900702997314351,6.0,2025-09-07_Italian_Grand_Prix,2025-09-07
L LAWSON,16,9.88879,10,0.074976,0.18494,0.31002799999999997,0.5352680000000001,5,16,2.885840166632082,14.0,2025-09-07_Italian_Grand_Prix,2025-09-07
L NORRIS,17,9.931998,10,0.073634,0.17489,0.304206,0.5311440000000001,5,16,2.857769123969036,2.0,2025-09-07_Italian_Grand_Prix,2025-09-07
L STROLL,17,10.004506,10,0.070568,0.163866,0.29588600000000004,0.5256040000000001,5,16,2.8205381286271924,18.0,2025-09-07_Italian_Grand_Prix,2025-09-07
M VERSTAPPEN,14,10.071332,10,0.066616,0.150694,0.284556,0.521972,5,16,2.7709013643845375,1.0,2025-09-07_Italian_Grand_Prix,2025-09-07
N HULKENBERG,12,10.182458,10,0.060028,0.134772,0.269466,0.5164979999999999,5,16,2.7118329528552882,20.0,2025-09-07_Italian_Grand_Prix,2025-09-07
O BEARMAN,9,10.276614,9,0.053638,0.118398,0.254688,0.5150859999999999,5,16,2.6370123570726625,12.0,2025-09-07_Italian_Grand_Prix,2025-09-07
O PIASTRI,9,10.405356,9,0.045612,0.09937,0.2349,0.5143340000000001,6,16,2.54398366653613,3.0,2025-09-07_Italian_Grand_Prix,2025-09-07
P GASLY,9,10.569351999999999,9,0.035844,0.078262,0.210934,0.5158860000000001,6,15,2.4239017976252346,16.0,2025-09-07_Italian_Grand_Prix,2025-09-07
Y TSUNODA,9,10.781051999999999,9,0.024306,0.05317,0.178924,0.5265719999999999,6,14,2.24839389230916,13.0,2025-09-07_Italian_Grand_Prix,2025-09-07
A ALBON,15,11.857854,13,0.002402,0.124318,0.13121,0.41075,8,15,2.1706116605859247,13.0,2025-09-21_Azerbaijan_Grand_Prix,2025-09-21
C LECLERC,15,11.562859999999999,12,0.00531,0.147654,0.16127600000000003,0.4342640000000001,8,15,2.3929862926674383,9.0,2025-09-21_Azerbaijan_Grand_Prix,2025-09-21
C SAINZ,15,11.36974,12,0.008622,0.15953,0.18022200000000002,0.44616799999999995,8,15,2.52633235777111,3.0,2025-09-21_Azerbaijan_Grand_Prix,2025-09-21
E OCON,8,11.182656000000001,12,0.013026,0.169374,0.197442,0.45428599999999997,8,15,2.6321968710619847,14.0,2025-09-21_Azerbaijan_Grand_Prix,2025-09-21
F ALONSO,13,10.996808000000001,11,0.017534,0.174994,0.211902,0.464488,8,15,2.719075959702716,15.0,2025-09-21_Azerbaijan_Grand_Prix,2025-09-21
F COLAPINTO,10,10.799946,11,0.023226,0.179204,0.224326,0.47383200000000003,7,15,2.7909741038500675,19.0,2025-09-21_Azerbaijan_Grand_Prix,2025-09-21
G BORTOLETO,12,10.633015999999998,11,0.029368,0.18007,0.235208,0.48281199999999996,6,15,2.850059702983618,11.0,2025-09-21_Azerbaijan_Grand_Prix,2025-09-21
G RUSSELL,12,10.473770000000002,11,0.03648,0.179582,0.24432399999999999,0.49244600000000005,6,15,2.8962489364649424,2.0,2025-09-21_Azerbaijan_Grand_Prix,2025-09-21
I HADJAR,2,10.299726,10,0.044264,0.178862,0.254326,0.50365,5,15,2.925305341588399,10.0,2025-09-21_Azerbaijan_Grand_Prix,2025-09-21
K ANTONELLI,11,10.199598000000002,10,0.05173,0.17507399999999998,0.260128,0.511198,5,14,2.9382369185446966,4.0,2025-09-21_Azerbaijan_Grand_Prix,2025-09-21
L HAMILTON,9,10.110413999999999,10,0.059362,0.17032,0.26566,0.5188379999999999,5,15,2.9346694520372285,8.0,2025-09-21_Azerbaijan_Grand_Prix,2025-09-21
L LAWSON,5,10.064131999999999,10,0.066632,0.163564,0.267996,0.523314,5,15,2.9157376450374746,5.0,2025-09-21_Azerbaijan_Grand_Prix,2025-09-21
L NORRIS,7,10.055527999999999,10,0.073106,0.15673,0.26972,0.5259560000000001,5,16,2.8827235220929337,7.0,2025-09-21_Azerbaijan_Grand_Prix,2025-09-21
L STROLL,7,10.067232000000002,9,0.07834,0.1494,0.271136,0.52757,5,16,2.838495794810546,17.0,2025-09-21_Azerbaijan_Grand_Prix,2025-09-21
M VERSTAPPEN,17,10.10427,9,0.082782,0.141782,0.27399199999999996,0.526734,5,16,2.782332512782062,1.0,2025-09-21_Azerbaijan_Grand_Prix,2025-09-21
N HULKENBERG,6,10.144576,9,0.085638,0.133998,0.276418,0.5265740000000001,5,16,2.719146111158534,16.0,2025-09-21_Azerbaijan_Grand_Prix,2025-09-21
O BEARMAN,19,10.190818,9,0.08651,0.123882,0.280486,0.5254,5,16,2.6432707969978613,12.0,2025-09-21_Azerbaijan_Grand_Prix,2025-09-21
O PIASTRI,4,10.183976,9,0.085358,0.11316200000000001,0.291968,0.5295040000000001,5,16,2.5531915078611194,20.0,2025-09-21_Azerbaijan_Grand_Prix,2025-09-21
P GASLY,4,10.114096,9,0.081502,0.099952,0.314728,0.538808,4,16,2.4344053520104527,18.0,2025-09-21_Azerbaijan_Grand_Prix,2025-09-21
Y TSUNODA,4,9.588984,6,0.068808,0.07854799999999999,0.387532,0.583408,4,16,2.2160280662908365,6.0,2025-09-21_Azerbaijan_Grand_Prix,2025-09-21
A ALBON,8,12.054112,13,0.00127,0.043544,0.050762,0.43112,8,15,1.9546717421115207,14.0,2025-10-05_Singapore_Grand_Prix,2025-10-05
C LECLERC,8,12.067169999999996,13,0.003352,0.068794,0.083824,0.397012,8,15,2.243808847958373,6.0,2025-10-05_Singapore_Grand_Prix,2025-10-05
C SAINZ,15,11.857496000000001,13,0.006228,0.090008,0.11482400000000001,0.39848,8,15,2.445394357684246,10.0,2025-10-05_Singapore_Grand_Prix,2025-10-05
E OCON,13,11.594001999999998,11,0.01038,0.108542,0.144384,0.411138,8,15,2.6077505070427707,18.0,2025-10-05_Singapore_Grand_Prix,2025-10-05
F ALONSO,13,11.32007,11,0.015758,0.126268,0.17412599999999998,0.42825599999999997,8,15,2.730865034189307,7.0,2025-10-05_Singapore_Grand_Prix,2025-10-05
F COLAPINTO,10,11.111092000000001,11,0.021166,0.138402,0.198868,0.443794,8,15,2.8213590322728845,16.0,2025-10-05_Singapore_Grand_Prix,2025-10-05
G BORTOLETO,2,10.910358,11,0.028676,0.148786,0.22189199999999998,0.459786,7,16,2.883003597614512,17.0,2025-10-05_Singapore_Grand_Prix,2025-10-05
G RUSSELL,2,10.740318,11,0.034784,0.154746,0.23882199999999998,0.47482399999999997,6,16,2.9123825277955384,1.0,2025-10-05_Singapore_Grand_Prix,2025-10-05
I HADJAR,20,10.604662000000001,11,0.041744,0.15854200000000002,0.252164,0.486388,5,16,2.924280326703472,11.0,2025-10-05_Singapore_Grand_Prix,2025-10-05
K ANTONELLI,20,10.446476,11,0.048462,0.16432,0.26658,0.499026,5,16,2.9184782526487387,5.0,2025-10-05_Singapore_Grand_Prix,2025-10-05
L HAMILTON,17,10.297462000000001,10,0.055348,0.169464,0.2786,0.510588,5,16,2.9030912871453203,8.0,2025-10-05_Singapore_Grand_Prix,2025-10-05
L LAWSON,16,10.155552000000002,10,0.061854,0.17315,0.28914799999999996,0.521726,5,16,2.8793341177937175,15.0,2025-10-05_Singapore_Grand_Prix,2025-10-05
L NORRIS,7,10.015524,9,0.067814,0.176588,0.29925599999999997,0.5330900000000001,5,16,2.8486259984355637,3.0,2025-10-05_Singapore_Grand_Prix,2025-10-05
L STROLL,7,9.889538,9,0.073752,0.18015599999999998,0.308508,0.5422899999999999,5,16,2.8141388493779225,13.0,2025-10-05_Singapore_Grand_Prix,2025-10-05
M VERSTAPPEN,14,9.75518,9,0.079688,0.18405,0.318032,0.5524680000000001,4,16,2.772319033772851,2.0,2025-10-05_Singapore_Grand_Prix,2025-10-05
N HULKENBERG,6,9.615404,9,0.084718,0.18718200000000002,0.328692,0.563516,4,16,2.725837141202705,20.0,2025-10-05_Singapore_Grand_Prix,2025-10-05
O BEARMAN,19,9.500292,7,0.089376,0.188502,0.33951600000000004,0.5736119999999999,4,16,2.6698912981409517,9.0,2025-10-05_Singapore_Grand_Prix,2025-10-05
O PIASTRI,19,9.402396,7,0.091302,0.187388,0.349246,0.58302,4,15,2.600725853802328,4.0,2025-10-05_Singapore_Grand_Prix,2025-10-05
P GASLY,4,9.332462000000001,7,0.09336,0.182734,0.36173200000000005,0.5910239999999999,4,15,2.5045584506339904,19.0,2025-10-05_Singapore_Grand_Prix,2025-10-05
Y TSUNODA,4,9.330433999999999,6,0.090968,0.16883399999999998,0.38102400000000003,0.598842,4,16,2.3446062449083183,12.0,2025-10-05_Singapore_Grand_Prix,2025-10-05
A ALBON,15,11.642333999999998,13,0.002276,0.11266000000000001,0.12044000000000002,0.36527400000000004,8,15,2.0488850714267355,14.0,2025-10-19_United_States_Grand_Prix,2025-10-19
C LECLERC,15,11.368834,13,0.004992,0.14257799999999998,0.15856399999999998,0.392664,8,15,2.2811066559374074,3.0,2025-10-19_United_States_Grand_Prix,2025-10-19
C SAINZ,15,11.180158,11,0.008918,0.16329,0.18819199999999997,0.413152,8,15,2.4518179000133133,20.0,2025-10-19_United_States_Grand_Prix,2025-10-19
E OCON,13,11.035732000000001,11,0.013604,0.178226,0.21339799999999998,0.42886399999999997,8,15,2.588617386683653,15.0,2025-10-19_United_States_Grand_Prix,2025-10-19
F ALONSO,18,10.939062,11,0.019626,0.18712,0.234326,0.442594,7,16,2.702335603846438,10.0,2025-10-19_United_States_Grand_Prix,2025-10-19
F COLAPINTO,11,10.846202000000002,11,0.026268,0.19299,0.251754,0.455316,5,16,2.788401664445766,17.0,2025-10-19_United_States_Grand_Prix,2025-10-19
G BORTOLETO,10,10.785054,11,0.034074,0.19418600000000003,0.26485800000000004,0.464692,5,16,2.8523380492736505,18.0,2025-10-19_United_States_Grand_Prix,2025-10-19
G RUSSELL,10,10.726894,11,0.042014,0.19173600000000002,0.274358,0.473112,5,16,2.891702912611825,6.0,2025-10-19_United_States_Grand_Prix,2025-10-19
I HADJAR,3,10.687862,11,0.049692,0.186524,0.28061400000000003,0.48049000000000003,5,16,2.9110182269527596,16.0,2025-10-19_United_States_Grand_Prix,2025-10-19
K ANTONELLI,17,10.627299999999998,11,0.057626,0.17981,0.283448,0.48802999999999996,5,16,2.9149096548834152,13.0,2025-10-19_United_States_Grand_Prix,2025-10-19
L HAMILTON,5,10.545728,11,0.064878,0.17233,0.285212,0.496842,5,16,2.9042958410717694,4.0,2025-10-19_United_States_Grand_Prix,2025-10-19
L LAWSON,5,10.477988,10,0.070694,0.163362,0.283702,0.5059060000000001,5,16,2.8809622832711574,11.0,2025-10-19_United_States_Grand_Prix,2025-10-19
L NORRIS,12,10.36509,10,0.075564,0.15524,0.282674,0.5179880000000001,5,16,2.849487661829326,2.0,2025-10-19_United_States_Grand_Prix,2025-10-19
L STROLL,1,10.251166,10,0.079216,0.14647,0.278826,0.5299280000000001,5,16,2.8094452150538096,12.0,2025-10-19_United_States_Grand_Prix,2025-10-19
M VERSTAPPEN,7,10.143796,9,0.080832,0.13501000000000002,0.273776,0.543376,5,16,2.7606952576162014,1.0,2025-10-19_United_States_Grand_Prix,2025-10-19
N HULKENBERG,6,9.976481999999999,9,0.082758,0.127082,0.272934,0.5610060000000001,5,16,2.7040797651337343,8.0,2025-10-19_United_States_Grand_Prix,2025-10-19
O BEARMAN,14,9.844754,9,0.081332,0.11540199999999999,0.269112,0.5772539999999999,5,14,2.6340025916617313,9.0,2025-10-19_United_States_Grand_Prix,2025-10-19
O PIASTRI,9,9.692604,9,0.077182,0.101906,0.265156,0.596638,5,14,2.544235777734808,5.0,2025-10-19_United_States_Grand_Prix,2025-10-19
P GASLY,9,9.53069,9,0.070054,0.08683400000000001,0.261454,0.61816,5,14,2.427583219286193,19.0,2025-10-19_United_States_Grand_Prix,2025-10-19
Y TSUNODA,9,9.33227,9,0.0584,0.067244,0.257202,0.648714,5,14,2.2403917524682195,7.0,2025-10-19_United_States_Grand_Prix,2025-10-19
A ALBON,13,11.163416,13,0.003174,0.126126,0.130962,0.39972199999999997,8,15,2.1049637724205503,12.0,2025-10-26_Mexico_City_Grand_Prix,2025-10-26
C LECLERC,13,11.234216000000002,11,0.006714,0.1424,0.153398,0.4070140000000001,8,15,2.3044428246666295,2.0,2025-10-26_Mexico_City_Grand_Prix,2025-10-26
C SAINZ,13,11.241188,11,0.011278,0.152368,0.17131200000000002,0.418962,8,15,2.4550601907715,17.0,2025-10-26_Mexico_City_Grand_Prix,2025-10-26
E OCON,15,11.202744,11,0.016644,0.16099399999999997,0.18944399999999997,0.432882,8,15,2.5797699894622594,9.0,2025-10-26_Mexico_City_Grand_Prix,2025-10-26
F ALONSO,18,11.131722000000002,11,0.023364,0.16801,0.208166,0.44791800000000004,8,15,2.69009758850279,18.0,2025-10-26_Mexico_City_Grand_Prix,2025-10-26
F COLAPINTO,10,11.033678,11,0.030968,0.172718,0.226822,0.463704,8,16,2.7830843248059893,16.0,2025-10-26_Mexico_City_Grand_Prix,2025-10-26
G BORTOLETO,10,10.873083999999999,11,0.039012,0.178896,0.248406,0.48267,6,16,2.854865307233743,10.0,2025-10-26_Mexico_City_Grand_Prix,2025-10-26
G RUSSELL,20,10.705200000000001,10,0.047582,0.18137599999999998,0.267798,0.500582,5,16,2.9017020190194933,7.0,2025-10-26_Mexico_City_Grand_Prix,2025-10-26
I HADJAR,20,10.535038,10,0.055586,0.181734,0.283914,0.51407,5,16,2.9250629486085087,13.0,2025-10-26_Mexico_City_Grand_Prix,2025-10-26
K ANTONELLI,3,10.343376,10,0.06325,0.181734,0.300126,0.528984,5,16,2.925860882910687,6.0,2025-10-26_Mexico_City_Grand_Prix,2025-10-26
L HAMILTON,9,10.193757999999999,10,0.069018,0.177836,0.310292,0.53824,5,16,2.912074084180632,8.0,2025-10-26_Mexico_City_Grand_Prix,2025-10-26
L LAWSON,17,10.077722,9,0.073576,0.173072,0.316712,0.5448559999999999,5,16,2.8848921815643696,20.0,2025-10-26_Mexico_City_Grand_Prix,2025-10-26
L NORRIS,16,9.982016000000002,9,0.076998,0.1666,0.31918199999999997,0.548732,5,16,2.84867508987468,1.0,2025-10-26_Mexico_City_Grand_Prix,2025-10-26
L STROLL,5,9.926738,9,0.0772,0.157334,0.316664,0.550764,5,16,2.803892936271337,14.0,2025-10-26_Mexico_City_Grand_Prix,2025-10-26
M VERSTAPPEN,12,9.897796,9,0.078104,0.148756,0.311152,0.549978,5,16,2.755649472437144,3.0,2025-10-26_Mexico_City_Grand_Prix,2025-10-26
N HULKENBERG,7,9.915578,9,0.076942,0.137212,0.299122,0.546418,5,16,2.6972342346742146,19.0,2025-10-26_Mexico_City_Grand_Prix,2025-10-26
O BEARMAN,14,9.962356,9,0.074098,0.125114,0.28281,0.541986,5,16,2.6319026484314447,4.0,2025-10-26_Mexico_City_Grand_Prix,2025-10-26
O PIASTRI,6,10.053351999999999,9,0.068826,0.10947799999999999,0.259748,0.534782,5,15,2.549518650898991,5.0,2025-10-26_Mexico_City_Grand_Prix,2025-10-26
P GASLY,6,10.174109999999999,9,0.060428,0.09171599999999999,0.228658,0.527956,6,14,2.439798890280896,15.0,2025-10-26_Mexico_City_Grand_Prix,2025-10-26
Y TSUNODA,6,10.352912000000002,9,0.047238,0.066526,0.175312,0.5197799999999999,6,14,2.2473101056431704,11.0,2025-10-26_Mexico_City_Grand_Prix,2025-10-26
A ALBON,13,11.153794,13,0.013096,0.136794,0.143484,0.46652400000000005,8,13,2.0314591211214523,11.0,2025-11-09_São_Paulo_Grand_Prix,2025-11-09
C LECLERC,13,10.844172,10,0.02386,0.161274,0.175086,0.50707,8,13,2.329555168968186,19.0,2025-11-09_São_Paulo_Grand_Prix,2025-11-09
C SAINZ,13,10.734298,10,0.03392,0.17310999999999999,0.195174,0.513208,8,15,2.544706835886235,13.0,2025-11-09_São_Paulo_Grand_Prix,2025-11-09
E OCON,18,10.716005999999998,10,0.043866,0.179542,0.210318,0.505032,8,16,2.7035141391008146,12.0,2025-11-09_São_Paulo_Grand_Prix,2025-11-09
F ALONSO,2,10.749114,11,0.052608,0.181122,0.220854,0.492074,8,16,2.8126346851039723,14.0,2025-11-09_São_Paulo_Grand_Prix,2025-11-09
F COLAPINTO,2,10.798166,11,0.060016,0.180262,0.229282,0.477798,7,16,2.8778092015284615,15.0,2025-11-09_São_Paulo_Grand_Prix,2025-11-09
G BORTOLETO,9,10.88072,11,0.063812,0.176592,0.23378,0.464242,6,16,2.912006345615475,20.0,2025-11-09_São_Paulo_Grand_Prix,2025-11-09
G RUSSELL,9,10.902564,11,0.067394,0.175336,0.24052199999999999,0.455614,6,16,2.924983436868896,4.0,2025-11-09_São_Paulo_Grand_Prix,2025-11-09
I HADJAR,9,10.94693,11,0.067814,0.169516,0.24231599999999998,0.448326,6,16,2.9260037224255147,8.0,2025-11-09_São_Paulo_Grand_Prix,2025-11-09
K ANTONELLI,12,10.942094,11,0.067954,0.16686,0.24707,0.44605599999999995,6,16,2.920479577650488,2.0,2025-11-09_São_Paulo_Grand_Prix,2025-11-09
L HAMILTON,17,10.909370000000001,11,0.067428,0.163578,0.25127,0.448014,5,16,2.9086363216118634,18.0,2025-11-09_São_Paulo_Grand_Prix,2025-11-09
L LAWSON,5,10.873636000000001,11,0.066196,0.15882400000000002,0.254854,0.45052200000000003,5,16,2.892586268279176,7.0,2025-11-09_São_Paulo_Grand_Prix,2025-11-09
L NORRIS,3,10.818625999999998,11,0.063506,0.15360800000000002,0.256784,0.45617599999999997,5,16,2.8745688807366094,1.0,2025-11-09_São_Paulo_Grand_Prix,2025-11-09
L STROLL,3,10.722389999999999,11,0.060532,0.14857,0.26077,0.465684,5,16,2.8511754657618678,16.0,2025-11-09_São_Paulo_Grand_Prix,2025-11-09
M VERSTAPPEN,14,10.574046000000001,11,0.057114,0.142066,0.264378,0.480374,5,16,2.824384864463613,3.0,2025-11-09_São_Paulo_Grand_Prix,2025-11-09
N HULKENBERG,6,10.385186,11,0.052412,0.133912,0.27073,0.49949200000000005,5,16,2.7879178049901023,9.0,2025-11-09_São_Paulo_Grand_Prix,2025-11-09
O BEARMAN,6,10.133446,9,0.046618,0.12357199999999999,0.27765,0.52566,5,15,2.7380796119826663,6.0,2025-11-09_São_Paulo_Grand_Prix,2025-11-09
O PIASTRI,4,9.746825999999999,7,0.040172,0.112592,0.292324,0.5623180000000001,5,15,2.6628433922195844,5.0,2025-11-09_São_Paulo_Grand_Prix,2025-11-09
P GASLY,4,9.163226,7,0.031602,0.095216,0.32157199999999997,0.617456,4,14,2.5356546353382696,10.0,2025-11-09_São_Paulo_Grand_Prix,2025-11-09
Y TSUNODA,4,8.00539,6,0.02008,0.067654,0.411782,0.71836,4,12,2.238339003816043,17.0,2025-11-09_São_Paulo_Grand_Prix,2025-11-09
A ALBON,13,11.868158,13,0.004096,0.105536,0.123336,0.3427,8,15,1.9422595278635226,16.0,2025-11-22_Las_Vegas_Grand_Prix,2025-11-22
C LECLERC,13,11.379741999999998,13,0.00916,0.149374,0.18338200000000002,0.393702,8,15,2.2428608013247215,4.0,2025-11-22_Las_Vegas_Grand_Prix,2025-11-22
C SAINZ,8,10.935021999999998,13,0.015632,0.182858,0.23326999999999998,0.435704,8,15,2.48329234729939,5.0,2025-11-22_Las_Vegas_Grand_Prix,2025-11-22
E OCON,18,10.584025999999998,12,0.023358,0.20472400000000002,0.272458,0.467628,5,15,2.6718865086224723,9.0,2025-11-22_Las_Vegas_Grand_Prix,2025-11-22
F ALONSO,3,10.314458,11,0.030468,0.215334,0.299048,0.49302599999999996,5,15,2.8058716051808292,11.0,2025-11-22_Las_Vegas_Grand_Prix,2025-11-22
F COLAPINTO,3,10.18408,10,0.039134,0.21538400000000002,0.310712,0.508196,5,15,2.887008320938866,15.0,2025-11-22_Las_Vegas_Grand_Prix,2025-11-22
G BORTOLETO,2,10.192202,10,0.04523,0.205768,0.309348,0.512328,5,15,2.9289255279681963,17.0,2025-11-22_Las_Vegas_Grand_Prix,2025-11-22
G RUSSELL,2,10.199722000000001,10,0.0512,0.196034,0.305276,0.516246,5,16,2.9437367016130747,2.0,2025-11-22_Las_Vegas_Grand_Prix,2025-11-22
I HADJAR,12,10.245269999999998,10,0.056758,0.18468600000000002,0.298592,0.5169560000000001,5,16,2.943121700995911,6.0,2025-11-22_Las_Vegas_Grand_Prix,2025-11-22
K ANTONELLI,5,10.303182,10,0.060778,0.172742,0.288826,0.516536,5,16,2.9309890732467565,3.0,2025-11-22_Las_Vegas_Grand_Prix,2025-11-22
L HAMILTON,9,10.3455,10,0.064546,0.16221400000000002,0.280044,0.5172019999999999,5,16,2.9128611082598383,8.0,2025-11-22_Las_Vegas_Grand_Prix,2025-11-22
L LAWSON,16,10.4026,10,0.06612,0.150804,0.269992,0.516046,5,16,2.8900234356080428,14.0,2025-11-22_Las_Vegas_Grand_Prix,2025-11-22
L NORRIS,14,10.454678000000001,10,0.06837,0.14164,0.26051399999999997,0.514378,5,16,2.8635289341318595,19.0,2025-11-22_Las_Vegas_Grand_Prix,2025-11-22
L STROLL,14,10.489751999999998,10,0.068808,0.130658,0.25037,0.515366,5,16,2.8336515744067476,18.0,2025-11-22_Las_Vegas_Grand_Prix,2025-11-22
M VERSTAPPEN,6,10.507256,10,0.069646,0.12140000000000001,0.24103800000000003,0.516784,6,16,2.8009641385248187,1.0,2025-11-22_Las_Vegas_Grand_Prix,2025-11-22
N HULKENBERG,6,10.49662,10,0.06907,0.11179400000000002,0.23250800000000002,0.520614,6,16,2.7651810225598186,7.0,2025-11-22_Las_Vegas_Grand_Prix,2025-11-22
O BEARMAN,7,10.448701999999999,10,0.069156,0.103964,0.22562600000000002,0.527274,6,16,2.7233398258872668,10.0,2025-11-22_Las_Vegas_Grand_Prix,2025-11-22
O PIASTRI,7,10.397433999999999,10,0.067136,0.093708,0.21629,0.5353559999999999,6,16,2.6756302701963337,20.0,2025-11-22_Las_Vegas_Grand_Prix,2025-11-22
P GASLY,7,10.277154,10,0.064204,0.08304399999999999,0.205592,0.549726,6,16,2.609244278911747,13.0,2025-11-22_Las_Vegas_Grand_Prix,2025-11-22
Y TSUNODA,7,9.974442,7,0.05713,0.068334,0.193778,0.5842320000000001,6,14,2.4949721711993176,12.0,2025-11-22_Las_Vegas_Grand_Prix,2025-11-22
A ALBON,18,12.736686,13,0.006104,0.05764,0.070494,0.351972,8,18,1.9838178627212413,11.0,2025-11-30_Qatar_Grand_Prix,2025-11-30
C LECLERC,18,12.042815999999998,13,0.012568,0.095828,0.12009600000000001,0.41144400000000003,8,15,2.2528378757278307,8.0,2025-11-30_Qatar_Grand_Prix,2025-11-30
C SAINZ,18,11.48419,13,0.020378,0.132584,0.16995400000000002,0.45818200000000003,8,15,2.47048867464824,3.0,2025-11-30_Qatar_Grand_Prix,2025-11-30
E OCON,13,11.025275999999998,11,0.028588,0.16509800000000002,0.21619200000000002,0.493244,8,15,2.639016135526734,15.0,2025-11-30_Qatar_Grand_Prix,2025-11-30
F ALONSO,10,10.674802000000001,10,0.037896,0.190502,0.254904,0.5173939999999999,5,15,2.75952030952955,7.0,2025-11-30_Qatar_Grand_Prix,2025-11-30
F COLAPINTO,10,10.449271999999999,10,0.047202,0.20901599999999998,0.285636,0.527662,5,15,2.836369459606131,14.0,2025-11-30_Qatar_Grand_Prix,2025-11-30
G BORTOLETO,3,10.319902,10,0.0541,0.217254,0.304624,0.5306580000000001,5,16,2.878229519189586,13.0,2025-11-30_Qatar_Grand_Prix,2025-11-30
G RUSSELL,2,10.294947999999998,10,0.059768,0.217412,0.311944,0.5243479999999999,5,16,2.897830809627468,6.0,2025-11-30_Qatar_Grand_Prix,2025-11-30
I HADJAR,2,10.28968,10,0.064514,0.213656,0.31543,0.517104,5,16,2.9037949242964447,18.0,2025-11-30_Qatar_Grand_Prix,2025-11-30
K ANTONELLI,5,10.296320000000001,10,0.068466,0.20706999999999998,0.315112,0.508798,5,16,2.900159594490997,5.0,2025-11-30_Qatar_Grand_Prix,2025-11-30
L HAMILTON,19,10.33298,11,0.070926,0.197838,0.31016,0.49973599999999996,5,16,2.8901053890769095,12.0,2025-11-30_Qatar_Grand_Prix,2025-11-30
L LAWSON,16,10.366464,11,0.071758,0.185678,0.303172,0.49093400000000004,5,16,2.874582561236705,9.0,2025-11-30_Qatar_Grand_Prix,2025-11-30
L NORRIS,12,10.374906,11,0.072028,0.17338599999999998,0.29481199999999996,0.485966,5,16,2.8545150852716397,4.0,2025-11-30_Qatar_Grand_Prix,2025-11-30
L STROLL,12,10.353527999999999,11,0.070596,0.158708,0.28500400000000004,0.484784,5,16,2.8292062000834868,17.0,2025-11-30_Qatar_Grand_Prix,2025-11-30
M VERSTAPPEN,17,10.294986,11,0.068526,0.14434999999999998,0.274462,0.487176,5,16,2.7956329514278995,1.0,2025-11-30_Qatar_Grand_Prix,2025-11-30
N HULKENBERG,4,10.216615999999998,11,0.064506,0.12620599999999998,0.262688,0.49183799999999994,5,16,2.7464880216289256,20.0,2025-11-30_Qatar_Grand_Prix,2025-11-30
O BEARMAN,14,10.074702,10,0.059166,0.10878000000000002,0.250804,0.505298,5,14,2.6844213354414417,19.0,2025-11-30_Qatar_Grand_Prix,2025-11-30
O PIASTRI,6,9.856976000000001,9,0.051792,0.088956,0.23636000000000001,0.527038,6,14,2.5925987436014952,2.0,2025-11-30_Qatar_Grand_Prix,2025-11-30
P GASLY,6,9.521472,7,0.041868,0.06717000000000001,0.219918,0.563194,6,14,2.4524352398204456,16.0,2025-11-30_Qatar_Grand_Prix,2025-11-30
Y TSUNODA,6,8.993477999999998,7,0.02925,0.042868,0.198234,0.62323,6,14,2.2202671671186125,10.0,2025-11-30_Qatar_Grand_Prix,2025-11-30
